"First Name","Last Name","Age","Email","Phone","Custom column 1"
"Chester","Barrett","19","c.barrett@randatmail.com","112-1602-68","76547319"
"Wilson","Howard","21","w.howard@randatmail.com","175-6829-72","91934349"
"Ned","Morrison","19","n.morrison@randatmail.com","493-9253-53","95639932"
"Garry","Andrews","27","g.andrews@randatmail.com","524-8309-13","31000737"
"George","Baker","20","g.baker@randatmail.com","500-7310-65","52712625"
"Stella","Payne","24","s.payne@randatmail.com","717-6494-09","98112491"
"Arthur","Myers","30","a.myers@randatmail.com","557-6141-75","13732260"
"Savana","Thompson","29","s.thompson@randatmail.com","452-9107-04","78116838"
"Grace","Grant","25","g.grant@randatmail.com","070-7284-86","52517009"
"Lily","Chapman","21","l.chapman@randatmail.com","411-5838-33","45864786"
"Tony","Walker","29","t.walker@randatmail.com","509-8685-65","40756313"
"William","Alexander","18","w.alexander@randatmail.com","699-7962-21","83967381"
"Frederick","Russell","20","f.russell@randatmail.com","527-8788-68","92243193"
"Amber","Murphy","21","a.murphy@randatmail.com","528-7757-17","54733663"
"William","Thompson","19","w.thompson@randatmail.com","389-9209-98","41197158"
