id,first_name,last_name,email,email2,ip_address
1,Olympie,Errett,,,187.53.195.91
2,Talyah,Karlolczak,tkarlolczak1@scientificamerican.com,tkarlolczak1@indiegogo.com,94.24.191.68
3,,,iglasscott2@washingtonpost.com,,19.2.51.252
4,Bradford,Simeone,,,180.87.73.88
5,Staford,Whightman,swhightman4@slate.com,swhightman4@mediafire.com,238.20.129.217
6,Derril,De Witt,ddewitt5@army.mil,,23.108.226.191
7,Karole,Lillow,klillow6@infoseek.co.jp,,216.230.241.179
8,Gusella,Kits,gkits7@usa.gov,,210.101.138.23
9,Leopold,Mansel,lmansel8@mediafire.com,lmansel8@xrea.com,163.221.35.107
10,Reyna,Ragsdall,rragsdall9@businessinsider.com,rragsdall9@dailymail.co.uk,224.126.216.242
11,Dan,Erangy,derangya@gmpg.org,derangya@w3.org,150.126.190.76
12,Jarvis,Lurner,jlurnerb@fc2.com,,112.10.53.180
13,Hildagard,Hintzer,hhintzerc@wufoo.com,,2.50.172.255
14,,,mknockerd@oracle.com,kfranciskiewiczd@blogspot.com,200.202.154.236
15,Grier,Toy,gtoye@miitbeian.gov.cn,,19.247.195.223
16,,,dingledowf@sun.com,egilleasef@cnet.com,68.108.162.13
17,Dorry,Soars,dsoarsg@amazonaws.com,,177.166.213.150
18,Jocelyn,Reina,jreinah@usda.gov,jreinah@pcworld.com,51.0.132.208
19,Maurine,Pinckney,mpinckneyi@nhs.uk,,22.225.130.232
20,Viola,Penhall,vpenhallj@digg.com,,99.31.113.246
21,Merell,Mergue,,,223.207.122.228
22,Nelly,Rouf,nroufl@slate.com,nroufl@cisco.com,8.162.223.202
23,Dmitri,Bezarra,dbezarram@sina.com.cn,,113.72.235.246
24,Morissa,Purdie,mpurdien@printfriendly.com,mpurdien@gnu.org,148.66.180.29
25,Randy,Gockeler,rgockelero@wiley.com,,235.36.40.223
26,Sarajane,Lovekin,slovekinp@shareasale.com,slovekinp@google.co.uk,0.222.102.61
27,Haley,Renad,hrenadq@mit.edu,,214.215.241.162
28,Joellyn,Figgures,jfigguresr@hostgator.com,jfigguresr@eventbrite.com,207.178.197.128
29,Scottie,Hammersley,shammersleys@archive.org,,89.76.96.115
30,Pancho,Hedgeley,phedgeleyt@redcross.org,phedgeleyt@ucoz.com,242.110.118.57
31,Bethina,Teasell,bteasellu@artisteer.com,bteasellu@1688.com,135.239.173.199
32,Peria,Haill,phaillv@psu.edu,phaillv@drupal.org,37.185.26.199
33,Freida,Farney,,,171.49.57.171
34,Missy,Stimpson,mstimpsonx@nasa.gov,,18.7.39.8
35,Clarie,Servante,cservantey@aboutads.info,cservantey@fda.gov,151.14.166.183
36,Olin,Ruhben,oruhbenz@toplist.cz,oruhbenz@icq.com,60.188.190.94
37,Javier,Witcher,jwitcher10@dion.ne.jp,jwitcher10@blinklist.com,84.217.193.12
38,,,fmee11@soundcloud.com,fewbanke11@twitpic.com,190.13.189.242
39,Baxy,Jailler,bjailler12@ovh.net,bjailler12@friendfeed.com,246.104.228.216
40,Ansley,Sweeting,asweeting13@usatoday.com,,189.246.237.244
41,Ursala,Grunder,ugrunder14@house.gov,,30.211.57.7
42,Codie,De Launde,cdelaunde15@ucoz.ru,,162.126.141.94
43,Vivienne,Fonso,vfonso16@boston.com,vfonso16@smh.com.au,132.193.177.48
44,Konstanze,Rosendorf,krosendorf17@latimes.com,,123.107.210.113
45,Kalila,Whawell,,,199.212.132.199
46,Odille,Etter,,,118.211.225.125
47,Keely,Shorey,kshorey1a@google.com,,250.127.85.254
48,Joye,Chapell,jchapell1b@51.la,jchapell1b@imageshack.us,66.242.165.223
49,Ajay,Antognelli,aantognelli1c@purevolume.com,aantognelli1c@zdnet.com,57.143.58.91
50,Renee,Bradbrook,rbradbrook1d@mac.com,rbradbrook1d@drupal.org,172.216.126.153
51,Belicia,Astill,bastill1e@twitpic.com,,224.103.211.118
52,Alvan,Matiewe,amatiewe1f@artisteer.com,amatiewe1f@t.co,21.41.214.115
53,Lanny,Spon,lspon1g@ucla.edu,lspon1g@addtoany.com,238.18.34.97
54,Myca,Stuchberry,mstuchberry1h@ox.ac.uk,mstuchberry1h@umich.edu,91.138.119.194
55,,,,,21.152.0.223
56,Lorry,Gollop,lgollop1j@latimes.com,,190.168.236.66
57,Abey,Dufaire,,,108.67.129.82
58,Skippy,O'Corrin,,socorrin1l@wordpress.com,198.3.88.108
59,Corly,Amner,camner1m@360.cn,,127.223.95.145
60,Rozella,Piolli,,,222.92.109.183
61,Lucina,Golds,,,104.6.24.198
62,Onfroi,Smallpiece,osmallpiece1p@angelfire.com,osmallpiece1p@thetimes.co.uk,204.176.138.225
63,Julita,Beernt,,jbeernt1q@godaddy.com,232.83.159.84
64,Lawton,Carty,,lcarty1r@wikipedia.org,12.207.171.71
65,Robinson,Hallett,rhallett1s@home.pl,,207.231.6.206
66,Caryn,Gurry,cgurry1t@chronoengine.com,cgurry1t@newsvine.com,253.64.103.1
67,Jasen,Hodjetts,jhodjetts1u@webnode.com,,77.60.103.65
68,Kit,Drugan,kdrugan1v@trellian.com,,198.127.150.118
69,Reggie,Sakins,rsakins1w@odnoklassniki.ru,,102.3.6.247
70,Gilbert,Belchambers,gbelchambers1x@hostgator.com,,113.112.73.218
71,Bernelle,Cracker,bcracker1y@meetup.com,,145.220.130.65
72,Willetta,Coldbreath,wcoldbreath1z@economist.com,wcoldbreath1z@tripadvisor.com,169.164.172.207
73,Neale,Gillinghams,ngillinghams20@thetimes.co.uk,ngillinghams20@abc.net.au,57.179.50.61
74,Renata,Branchet,rbranchet21@bloomberg.com,rbranchet21@prlog.org,39.170.238.170
75,Keelby,Lowin,klowin22@canalblog.com,,244.216.0.19
76,Beverlie,Ferrillio,bferrillio23@elpais.com,bferrillio23@time.com,87.229.253.221
77,Stanislaus,Bellelli,sbellelli24@linkedin.com,sbellelli24@posterous.com,120.47.1.68
78,Alain,Adamec,aadamec25@imdb.com,aadamec25@vimeo.com,176.80.229.34
79,Madge,Bettesworth,mbettesworth26@oracle.com,,244.19.114.0
80,Earl,Keningham,ekeningham27@livejournal.com,ekeningham27@google.it,57.106.217.219
81,Joellyn,Emsley,jemsley28@irs.gov,,49.12.216.68
82,Glendon,Billo,gbillo29@bloomberg.com,gbillo29@cnet.com,32.236.128.57
83,Kermie,Tolerton,ktolerton2a@loc.gov,ktolerton2a@amazon.co.uk,211.179.116.77
84,Claudine,Jurkowski,cjurkowski2b@purevolume.com,,195.225.96.15
85,Romonda,Carayol,,,142.243.65.85
86,Else,McMurty,,,149.201.47.90
87,Jamey,Fautley,jfautley2e@dmoz.org,,62.190.198.139
88,Berta,Dureden,bdureden2f@timesonline.co.uk,,16.163.245.20
89,Vance,Bruckenthal,vbruckenthal2g@businessweek.com,vbruckenthal2g@printfriendly.com,117.195.93.24
90,Tobin,Benford,tbenford2h@oracle.com,tbenford2h@cdc.gov,27.116.50.197
91,Lynna,Buye,lbuye2i@sbwire.com,lbuye2i@psu.edu,185.198.131.26
92,Gibb,Wrightem,gwrightem2j@msn.com,,35.128.85.166
93,Alicea,Velez,avelez2k@techcrunch.com,,216.142.253.221
94,,,smillbank2l@businessweek.com,clawry2l@bbb.org,171.17.182.209
95,Ivory,Prisk,iprisk2m@surveymonkey.com,,51.138.15.234
96,Sheffie,Mellor,smellor2n@deviantart.com,,105.129.75.120
97,Auberon,Waud,awaud2o@ezinearticles.com,,18.182.96.255
98,Rhys,Richard,,,234.212.150.56
99,Renate,Ivakhnov,rivakhnov2q@businessinsider.com,rivakhnov2q@whitehouse.gov,253.167.117.230
100,Harmony,Ingall,hingall2r@xing.com,,14.181.19.203
101,Kessia,Ebdon,kebdon2s@nps.gov,,239.148.39.157
102,,,swilsher2t@macromedia.com,,80.194.71.142
103,Ellen,Le Batteur,elebatteur2u@geocities.jp,elebatteur2u@nbcnews.com,243.222.45.216
104,Marnia,Carbery,mcarbery2v@statcounter.com,mcarbery2v@java.com,110.144.37.218
105,Tawsha,Amberson,tamberson2w@youtu.be,,74.23.116.28
106,Ryun,Pimer,rpimer2x@google.cn,,65.192.136.64
107,Faith,Schollick,fschollick2y@businessinsider.com,fschollick2y@jalbum.net,49.169.128.135
108,Katalin,Lobb,klobb2z@latimes.com,klobb2z@upenn.edu,21.165.206.26
109,Berne,Cavalier,bcavalier30@163.com,,173.176.146.9
110,Fons,Scarlin,fscarlin31@dailymail.co.uk,fscarlin31@mediafire.com,214.165.166.244
111,Lyn,Ardron,lardron32@reverbnation.com,lardron32@dailymail.co.uk,41.5.230.115
112,Nancey,Tschursch,ntschursch33@scribd.com,ntschursch33@odnoklassniki.ru,62.185.8.120
113,Mannie,Walne,mwalne34@usnews.com,mwalne34@reference.com,121.84.43.81
114,Niccolo,De Gogay,ndegogay35@moonfruit.com,ndegogay35@google.com.br,79.69.207.56
115,Pyotr,Dorrins,pdorrins36@bluehost.com,,240.87.156.211
116,Karylin,Saveall,ksaveall37@ehow.com,ksaveall37@blogs.com,49.213.20.7
117,Kara,Boken,kboken38@slate.com,,209.109.203.36
118,Mathias,Forsard,mforsard39@paypal.com,mforsard39@wikia.com,9.67.157.1
119,Rosalinde,Ghirardi,rghirardi3a@reverbnation.com,,151.31.140.130
120,Marjory,Esp,mesp3b@yahoo.co.jp,,146.122.164.195
121,Norbert,Sheryne,nsheryne3c@deviantart.com,,50.216.40.136
